J4_KK5,J1_KK2,MKK,MKK_P,MKK_TOT
1.0,1.0,115.09364049777288,165.7151296488449,300.0
1.3900000000000001,1.0,124.7021020686874,156.10333347062624,300.0
1.78,1.0,134.09896061100332,146.70338159025695,300.0
2.17,1.0,143.08211392435175,137.71734834857043,300.0
2.56,1.0,151.51337746566088,129.28339016031674,300.0
2.95,1.0,159.31907505561335,121.47515700514118,300.0
3.34,1.0,166.47805201987333,114.3137805396728,300.0
3.73,1.0,173.00560576703214,107.78394390671114,300.0
4.12,1.0,178.93888799484105,101.84847935597489,300.0
4.51,1.0,184.32593671710276,96.45933577842092,300.0
4.9,1.0,189.21839447604373,91.5648599847938,300.0
5.29,1.0,193.6671338681536,87.11417070166789,300.0
5.68,1.0,197.7198949911994,83.05952071675262,300.0
6.07,1.0,201.42020190255866,79.35738009033619,300.0
6.46,1.0,204.8070392444536,75.96875926963136,300.0
6.8500000000000005,1.0,207.914950759908,72.85911037050049,300.0
7.24,1.0,210.77435106081435,69.99801525293373,300.0
7.63,1.0,213.41192764189717,67.35878338630849,300.0
8.02,1.0,215.8510638869457,64.9180287495458,300.0
8.41,1.0,218.11224636164212,62.655262465454726,300.0
8.8,1.0,220.2134388027974,60.55251875439718,300.0
9.19,1.0,222.1704160876777,58.594020919938785,300.0
9.58,1.0,223.99705740135263,56.76588814567111,300.0
9.97,1.0,225.70560085470973,55.0558808484893,300.0
10.36,1.0,227.30686317681003,53.453180963024124,300.0
10.75,1.0,228.8104285494721,51.94820308814866,300.0
11.14,1.0,230.22481060248563,50.53243247624106,300.0
11.530000000000001,1.0,231.55759129519402,49.19828613874522,300.0
11.92,1.0,232.81554001629215,47.93899373565737,300.0
12.31,1.0,234.00471581602133,46.74849533432871,300.0
12.700000000000001,1.0,235.13055528394057,45.621353524076596,300.0
13.09,1.0,236.19794822015277,44.55267773847293,300.0
13.48,1.0,237.21130292501337,43.538058960077635,300.0
13.870000000000001,1.0,238.17460265265737,42.573513262116066,300.0
14.26,1.0,239.09145453434928,41.655432880972704,300.0
14.65,1.0,239.96513207448788,40.780543716557744,300.0
15.040000000000001,1.0,240.79861215062198,39.94586832911297,300.0
15.43,1.0,241.5946086005098,39.14869234902496,300.0
15.82,1.0,242.3555951114262,38.38654158635937,300.0
16.21,1.0,243.08383831512634,37.65714893196153,300.00000000000006
16.6,1.0,243.78141378960973,36.95843835335671,300.0
16.990000000000002,1.0,244.45022674034823,36.288504215927894,300.0
17.38,1.0,245.09202892350876,35.64559435182042,300.0
17.77,1.0,245.7084336234638,35.02809508535942,300.0
18.16,1.0,246.30092893499406,34.434517950229434,300.0
18.55,1.0,246.87088955654855,33.863487889639195,300.0
18.94,1.0,247.41958729776692,33.313732753915204,300.0
19.330000000000002,1.0,247.94820044671815,32.78407392901166,300.0
19.72,1.0,248.45782214724073,32.27341795899042,300.0
20.11,1.0,248.94946789528365,31.78074904911354,300.0
20.5,1.0,249.42408226536054,31.305122336797705,300.0
20.89,1.0,249.88254496068336,30.8456578448018,300.0
21.28,1.0,250.32567624812268,30.401535040001622,300.0
21.67,1.0,250.75424187547085,29.971987922805415,300.0
22.060000000000002,1.0,251.16895749353665,29.55630059533572,300.0
22.45,1.0,251.5704926751713,29.153803250676333,300.0
22.84,1.0,251.9594745438486,28.763868538691238,300.0
23.23,1.0,252.33649107184462,28.385908268764418,300.0
23.62,1.0,252.7020940757186,28.019370413865595,300.0
24.01,1.0,253.05680194448757,27.663736382115683,300.0
24.400000000000002,1.0,253.40110212389,27.31851853242567,300.0
24.79,1.0,253.7354533821267,26.983257906692444,300.0
25.18,1.0,254.06028788518367,26.6575221574518,300.0
25.57,1.0,254.376013088862,26.340903651636733,300.0
25.96,1.0,254.68301347854091,26.033017733835194,300.0
26.35,1.0,254.98165215957607,25.733501133861743,300.0
26.740000000000002,1.0,255.2722723206075,25.4420105031836,300.0
27.130000000000003,1.0,255.5551985780785,25.15822107122279,300.0
27.52,1.0,255.83073821409238,24.881825406666465,300.0
27.91,1.0,256.09918231525705,24.61253227776743,300.0
28.3,1.0,256.36080682513744,24.35006560058507,300.0
28.69,1.0,256.61587351533615,24.09416346775592,300.0
29.080000000000002,1.0,256.8646308820703,23.844577251053334,300.0
29.470000000000002,1.0,257.10731497769467,23.601070770545075,300.0
29.86,1.0,257.34415017731743,23.363419526493885,300.0
30.25,1.0,257.57534989403194,23.131409985888798,300.0
30.64,1.0,257.8011172382702,22.90483892101636,300.0
31.03,1.0,258.0216456329686,22.68351279572742,300.0
31.42,1.0,258.2371193829414,22.46724719428094,300.0
31.810000000000002,1.0,258.44771420776385,22.255866290575984,300.0
32.2,1.0,258.65359773393413,22.049202353332106,300.0
32.59,1.0,258.85492995706306,21.847095285871198,300.0
32.980000000000004,1.0,259.0518636709075,21.649392195954853,300.0
33.370000000000005,1.0,259.2445448677349,21.45594699526461,299.99999999999994
33.76,1.0,259.4331131134926,21.26662002450216,300.0
34.15,1.0,259.6177018976982,21.081277703413285,300.0
34.54,1.0,259.7984389607512,20.899792203382624,300.0
34.93,1.0,259.9754466000999,20.72204114064982,300.0
35.32,1.0,260.1488419575349,20.547907289464707,300.0
35.71,1.0,260.3187372889842,20.37727831246739,300.0
36.1,1.0,260.4852402157751,20.210046508430008,300.0
36.49,1.0,260.6484539623644,20.046108575169555,300.0
36.88,1.0,260.80847757937505,19.885365386775412,300.0
37.27,1.0,260.96540615144136,19.72772178448038,300.0
37.660000000000004,1.0,261.11933099538345,19.57308637958988,300.0
38.050000000000004,1.0,261.27033984451054,19.42137136861195,300.0
38.44,1.0,261.4185170232172,19.272492358501754,300.0
38.83,1.0,261.56394361136165,19.126368202512598,300.0
39.22,1.0,261.70669759896936,18.98292084531442,300.0
39.61,1.0,261.84685403265104,18.84207517662563,300.0
40.0,1.0,261.98448515294274,18.70375889355519,300.0
,,,,
1.0,5.0,114.53418470415762,165.95744772904365,300.0
1.3900000000000001,5.0,123.96120542861406,156.52309114320565,300.0
1.78,5.0,133.19436623130753,147.28303320991282,300.0
2.17,5.0,142.03948094035894,138.43141738348797,300.0
2.56,5.0,150.3611833493086,130.10356275332293,300.0
2.95,5.0,158.08459625224634,122.37430010379309,300.0
3.34,5.0,165.18506299422157,115.26824373170034,300.0
3.73,5.0,171.67355621459245,108.77438426168553,300.0
4.12,5.0,177.58300956006516,102.85975718430183,300.0
4.51,5.0,182.95779243265315,97.47996763349177,300.0
4.9,5.0,187.84655802662576,92.58634158024005,300.0
5.29,5.0,192.29783758277077,88.13033076519473,300.0
5.68,5.0,196.3575822526439,84.06597009607212,300.0
6.07,5.0,200.06797075833478,80.35106936525288,300.0
6.46,5.0,203.46698661723,76.9476355207356,300.0
6.8500000000000005,5.0,206.5884341588235,73.82185624942866,300.0
7.24,5.0,209.46218519419148,70.9438529941884,300.0
7.63,5.0,212.11453110768514,68.28732861741499,300.0
8.02,5.0,214.56856820313797,65.82918186385606,300.0
8.41,5.0,216.8445768476823,63.54912806736825,300.0
8.8,5.0,218.960374520715,61.42934598452216,300.0
9.19,5.0,220.93163423583619,59.454159279901354,300.0
9.58,5.0,222.77216616684473,57.609754826338396,300.0
9.97,5.0,224.49416369077048,55.88393660285996,300.0
10.36,5.0,226.1084166999108,54.2659123350721,300.0
10.75,5.0,227.6244956812014,52.746109377192965,300.0
11.14,5.0,229.05091016156396,51.31601623515863,300.0
11.530000000000001,5.0,230.39524493593396,49.9680463126411,300.0
11.92,5.0,231.66427718164886,48.69542077515657,300.0
12.31,5.0,232.86407720478536,47.49206778580132,300.0
12.700000000000001,5.0,234.00009520657574,46.35253572378601,300.0
13.09,5.0,235.07723612474175,45.27191833039341,300.0
13.48,5.0,236.09992430536357,44.245790026312136,300.0
13.870000000000001,5.0,237.0721594986353,43.270149906653366,300.0
14.26,5.0,237.99756544543322,42.34137314645325,300.0
14.65,5.0,238.87943212810245,41.456168743034425,300.0
15.040000000000001,5.0,239.72075259454718,40.61154268596495,300.0
15.43,5.0,240.52425645157246,39.80476445882189,300.0
15.82,5.0,241.29243254835237,39.03334434971694,300.0
16.21,5.0,242.02756220442947,38.295000221879505,300.0
16.6,5.0,242.73173505350812,37.5876416637984,300.0
16.990000000000002,5.0,243.4068697389308,36.90934929458887,300.0
17.38,5.0,244.0547308376673,36.2583578280371,300.0
17.77,5.0,244.6769438437973,35.63304109931168,300.0
18.16,5.0,245.2750084613618,35.03189875963437,300.0
18.55,5.0,245.8503104184565,34.453544464587786,300.0
18.94,5.0,246.40413199359693,33.89669534718877,300.0
19.330000000000002,5.0,246.9376614049749,33.36016262129962,299.99999999999994
19.72,5.0,247.4520012117316,32.842843186202444,300.0
20.11,5.0,247.94817583558012,32.34371209768957,300.0
20.5,5.0,248.42713831208383,31.861815817961865,300.0
20.89,5.0,248.88977636005907,31.39626614466901,300.0
21.28,5.0,249.33691785004922,30.94623474404165,300.0
21.67,5.0,249.76933572827213,30.510948219258385,300.0
22.060000000000002,5.0,250.18775247843945,30.089683655173268,300.0
22.45,5.0,250.59284414707136,29.681764587267008,300.0
22.84,5.0,250.98524400039335,29.28655734686284,300.0
23.23,5.0,251.365545836873,28.903467744378343,300.0
23.62,5.0,251.73430700487367,28.53193805585088,300.0
24.01,5.0,252.0920511431974,28.171444277459226,300.0
24.400000000000002,5.0,252.43927068293027,27.82149362497359,300.0
24.79,5.0,252.77642913113766,27.481622250101324,300.0
25.18,5.0,253.10396315544145,27.1513931537083,300.0
25.57,5.0,253.42228449276064,26.830394277331077,300.0
25.96,5.0,253.73178170064344,26.518236752525333,300.0
26.35,5.0,254.03282175976017,26.214553296664914,300.0
26.740000000000002,5.0,254.32575154695706,25.918996739202502,300.0
27.130000000000003,5.0,254.61089919197374,25.63123866511141,300.0
27.52,5.0,254.88857532456552,25.350968169075323,300.0
27.91,5.0,255.15907422107026,25.07789070486479,300.0
28.3,5.0,255.4226748677643,24.811727024938357,300.0
28.69,5.0,255.67964193872731,24.552212201304656,300.0
29.080000000000002,5.0,255.93022669970534,24.299094720295567,300.0
29.470000000000002,5.0,256.1746678471312,24.052135644941778,300.0
29.86,5.0,256.4131922829122,23.81110783914965,300.0
30.25,5.0,256.6460158329215,23.5757952483563,300.0
30.64,5.0,256.8733439152815,23.34599223246106,300.0
31.03,5.0,257.09537215874053,23.121502945739767,300.0
31.42,5.0,257.3122869793862,22.902140760928567,300.0
31.810000000000002,5.0,257.52426611670364,22.68772773294245,300.0
32.2,5.0,257.73147913138195,22.478094099912084,300.0
32.59,5.0,257.93408787134285,22.273077817927543,300.0
32.980000000000004,5.0,258.13224690549396,22.07252412736735,300.0
33.370000000000005,5.0,258.3261039273754,21.87628514764509,300.0
33.76,5.0,258.51580013414815,21.684219499567455,300.0
34.15,5.0,258.70147058036855,21.496191950757673,300.0
34.54,5.0,258.88324450750645,21.312073086039018,300.0
34.93,5.0,259.06124565433964,21.131738996639466,300.0
35.32,5.0,259.23559254719066,20.955070990780808,300.0
35.71,5.0,259.40639877051564,20.781955321490816,300.0
36.1,5.0,259.57377322345985,20.61228293133438,300.0
36.49,5.0,259.73782035836564,20.44594921297671,300.0
36.88,5.0,259.8986404059558,20.28285378401445,300.0
37.27,5.0,260.0563295866255,20.122900275898637,300.0
37.660000000000004,5.0,260.21098030950543,19.96599613429448,300.0
38.050000000000004,5.0,260.3626813592671,19.812052432576678,299.99999999999994
38.44,5.0,260.51151807280274,19.66098369509461,300.0
38.83,5.0,260.65757250444693,19.512707731118265,300.0
39.22,5.0,260.8009235836475,19.367145478292866,300.0
39.61,5.0,260.9416472614529,19.224220854890955,300.0
40.0,5.0,261.07981665077295,19.083860620300406,300.0
,,,,
1.0,10.0,113.9258196140366,166.21108337392593,300.0
1.3900000000000001,10.0,123.15688800594671,156.96857863187589,300.0
1.78,10.0,132.21252722664713,147.90214037044282,300.0
2.17,10.0,140.90702990147628,139.19741935127854,300.0
2.56,10.0,149.10828394979444,130.98646260166782,300.0
2.95,10.0,156.74043780167435,123.34505585445675,300.0
3.34,10.0,163.77534544390292,116.30128386224678,300.0
3.73,10.0,170.21950802897584,109.84859154868191,300.0
4.12,10.0,176.1014070007507,103.95845165217787,300.0
4.51,10.0,181.4614811660124,98.59038724168714,300.0
4.9,10.0,186.3451425655264,93.69895489238361,300.0
5.29,10.0,190.7983585497343,89.23816151244296,300.0
5.68,10.0,194.86510447791764,85.16401060462083,300.0
6.07,10.0,198.58606191733847,81.43580316758734,300.0
6.46,10.0,201.9980925365494,78.01666306072165,300.0
6.8500000000000005,10.0,205.13416664040705,74.87360787294377,300.0
7.24,10.0,208.02353983736558,71.97737178333551,300.0
7.63,10.0,210.6920508718731,69.30210735736308,300.0
8.02,10.0,213.1624656857286,66.82504119392006,300.0
8.41,10.0,215.45482548140978,64.52612563280192,300.0
8.8,10.0,217.5867765070465,62.38770878901124,300.0
9.19,10.0,219.57387111147932,60.394233354523884,300.0
9.58,10.0,221.42983641483804,58.53196781370756,300.0
9.97,10.0,223.16681068217423,56.78876997834243,300.0
10.36,10.0,224.79554941004966,55.15388082739648,300.0
10.75,10.0,226.32560399848344,53.61774577532966,300.0
11.14,10.0,227.76547614313893,52.17186023111538,300.0
11.530000000000001,10.0,229.1227510210415,50.808636372417936,300.0
11.92,10.0,230.40421211906238,49.521288283931916,300.0
12.31,10.0,231.6159402618472,48.3037329018437,300.0
12.700000000000001,10.0,232.76339908670374,47.15050451581086,300.0
13.09,10.0,233.85150891538888,46.05668087769431,300.0
13.48,10.0,234.88471069979204,45.01781923936107,300.0
13.870000000000001,10.0,235.86702147587442,44.029900884673516,300.0
14.26,10.0,236.8020825482924,43.089282932809766,300.00000000000006
14.65,10.0,237.69320144549792,42.19265637277818,300.0
15.040000000000001,10.0,238.54338852890362,41.337009445264016,300.0
15.43,10.0,239.35539036332005,40.51959426376683,300.0
15.82,10.0,240.13171216863975,39.73790435915174,300.0
16.21,10.0,240.87465116775454,38.989641319836124,300.0
16.6,10.0,241.5863122516381,38.2726991260229,300.0
16.990000000000002,10.0,242.26862869070422,37.58514343283062,300.0
17.38,10.0,242.92337904483864,36.925194658443594,300.0
17.77,10.0,243.55220214446524,36.29121299135485,300.0
18.16,10.0,244.15661039728252,35.681685088759465,300.0
18.55,10.0,244.73800161854476,35.095212239853076,300.0
18.94,10.0,245.2976695712835,34.53049982286934,300.0
19.330000000000002,10.0,245.8368133821652,33.9863478864946,299.99999999999994
19.72,10.0,246.35654596670216,33.4616427241524,300.0
20.11,10.0,246.85790157173523,32.955349327981686,300.0
20.5,10.0,247.34184255352844,32.46650460850276,300.0
20.89,10.0,247.80926547380557,31.99421129941181,300.0
21.28,10.0,248.2610065887717,31.53763246363925,300.0
21.67,10.0,248.69784680166512,31.09598654220216,300.0
22.060000000000002,10.0,249.1205161418819,30.668542871568384,300.0
22.45,10.0,249.52969781914413,30.254617630816885,300.0
22.84,10.0,249.92603189434692,29.85357016619667,300.0
23.23,10.0,250.31011862019827,29.464799653873097,300.0
23.62,10.0,250.68252147061392,29.08774206581571,300.0
24.01,10.0,251.04376990284769,28.72186740699772,300.0
24.400000000000002,10.0,251.3943618797316,28.36667719618631,300.0
24.79,10.0,251.734766162861,28.02170216718518,300.0
25.18,10.0,252.06542441751017,27.6865001660096,300.0
25.57,10.0,252.38675313549356,27.360654226411363,300.0
25.96,10.0,252.6991453972274,27.04377080737405,300.0
26.35,10.0,253.00297248966078,26.73547817488069,300.0
26.740000000000002,10.0,253.29858539149123,26.43542491538314,300.0
27.130000000000003,10.0,253.5863161396034,26.14327856961135,300.0
27.52,10.0,253.86647908737856,25.858724373546604,300.0
27.91,10.0,254.13937206239098,25.58146409928378,300.0
28.3,10.0,254.40527743847062,25.311214984628638,300.0
28.69,10.0,254.66446312136415,25.047708744893388,300.0
29.080000000000002,10.0,254.9171834632776,24.790690659173176,300.0
29.470000000000002,10.0,255.16368010778797,24.53991872499565,300.0
29.86,10.0,255.4041827719332,24.295162874738736,300.0
30.25,10.0,255.6389099735332,24.056204249471683,300.0
30.64,10.0,255.86806970437928,23.82283452521569,300.0
31.03,10.0,256.0918600546548,23.594855286646812,300.0
31.42,10.0,256.31046979650426,23.37207744524405,300.0
31.810000000000002,10.0,256.5240789243347,23.154320697671636,299.99999999999994
32.2,10.0,256.732859159314,22.941413021321235,300.0
32.59,10.0,256.93697441852225,22.73319020450141,300.0
32.980000000000004,10.0,257.1365812532932,22.52949540802721,300.0
33.370000000000005,10.0,257.3318292596536,22.33017875552428,300.0
33.76,10.0,257.52286145819613,22.135096951528677,300.0
34.15,10.0,257.70981465288617,21.944112923804372,300.0
34.54,10.0,257.8928197647957,21.75709548893556,300.0
34.93,10.0,258.07200214542826,21.57391903917191,300.0
35.32,10.0,258.24748186942196,21.394463249027975,300.0
35.71,10.0,258.4193740095945,21.218612800170565,300.0
36.1,10.0,258.5877888951363,21.046257123565475,300.0
36.49,10.0,258.75283235345916,20.87729015683703,300.0
36.88,10.0,258.9146059377061,20.711610116909846,300.0
37.27,10.0,259.0732071406327,20.54911928593741,300.0
37.660000000000004,10.0,259.22872959559334,20.389723810080532,300.0
38.050000000000004,10.0,259.3812632662584,20.233333509957916,300.0
38.44,10.0,259.5308946243496,20.079861702379144,300.0
38.83,10.0,259.677706817767,19.929225032219776,300.0
39.22,10.0,259.8217798291854,19.781343313828977,300.0
39.61,10.0,259.96319062537214,19.6361393815662,300.0
40.0,10.0,260.10201329823207,19.493538948582238,300.0
,,,,
1.0,50.0,109.56097542791723,167.69497417103602,300.0
1.3900000000000001,50.0,117.36309889417117,159.8213372167709,300.0
1.78,50.0,125.06855934822488,152.0460258920816,300.0
2.17,50.0,132.55301636823677,144.49333034726578,300.0
2.56,50.0,139.71830631975396,137.26129348668596,300.0
2.95,50.0,146.4968448583551,130.41733288578428,300.0
3.34,50.0,152.85029394332483,123.99959762300286,300.0
3.73,50.0,158.76468813607823,118.02186082057833,300.0
4.12,50.0,164.24426988907726,112.47969684978834,300.0
4.51,50.0,169.30559332194977,107.35638441119772,300.0
4.9,50.0,173.97266351117477,102.62776998013761,300.0
5.29,50.0,178.27330493324055,98.26589949410739,300.0
5.68,50.0,182.23664498943828,94.24153353053988,300.0
6.07,50.0,185.8914837918281,90.52577558314009,300.0
6.46,50.0,189.26531309327794,87.09105102592785,300.0
6.8500000000000005,50.0,192.383783908887,83.91163747139447,300.0
7.24,50.0,195.2704700101673,80.96389945893931,300.0
7.63,50.0,197.9468179334467,78.22633687157803,300.0
8.02,50.0,200.43220859259193,75.67952198882712,300.0
8.41,50.0,202.74408089755647,73.30597475300911,300.0
8.8,50.0,204.89808551926325,71.09000808002297,300.0
9.19,50.0,206.90824897659184,69.01756300954217,300.0
9.58,50.0,208.7871361879595,67.07604552517968,300.0
9.97,50.0,210.5460047925155,65.25417171596219,300.0
10.36,50.0,212.1949478223412,63.541824677726495,300.0
10.75,50.0,213.74302333665415,61.92992452685265,300.0
11.14,50.0,215.19837084683277,60.41031168386727,300.0
11.530000000000001,50.0,216.56831505821154,58.9756428898852,300.0
11.92,50.0,217.8594578224173,57.619299053092945,300.0
12.31,50.0,219.07775935804514,56.33530386018315,300.0
12.700000000000001,50.0,220.2286098384552,55.11825204803649,300.0
13.09,50.0,221.31689241524964,53.96324626230589,300.0
13.48,50.0,222.34703867715112,52.865841499277664,300.0
13.870000000000001,50.0,223.32307745695,51.82199621517838,300.0
14.26,50.0,224.24867780618638,50.82802928066703,300.0
14.65,50.0,225.12718686551503,49.88058205045463,300.0
15.040000000000001,50.0,225.9616632722055,48.976584904845396,300.0
15.43,50.0,226.754906667048,48.11322769950745,300.0
15.82,50.0,227.5094851349938,47.287932308453286,300.0
16.21,50.0,228.22775278872132,46.49833492666984,300.0
16.6,50.0,228.9118788313818,45.74225710460045,300.0
16.990000000000002,50.0,229.56385987859932,45.017693320308304,300.0
17.38,50.0,230.18553770502155,44.32279323461727,300.0
17.77,50.0,230.7786136893474,43.65584722905569,300.0
18.16,50.0,231.3446617213782,43.01527348412561,300.0
18.55,50.0,231.88513974314685,42.3996064276125,300.0
18.94,50.0,232.401400081085,41.80748639160906,300.0
19.330000000000002,50.0,232.89469871930444,41.23765032910219,300.0
19.72,50.0,233.3662036383404,40.68892347262651,300.0
20.11,50.0,233.81700230637287,40.160211830834115,300.0
20.5,50.0,234.24810844318657,39.65049542278757,300.0
20.89,50.0,234.66046812391824,39.158822171514124,300.0
21.28,50.0,235.05496529127686,38.684302384202034,300.0
21.67,50.0,235.432426754652,38.22610375325431,300.00000000000006
22.060000000000002,50.0,235.79362671767882,37.78344682601437,300.0
22.45,50.0,236.13929088925002,37.355600891383354,300.0
22.84,50.0,236.47010022282313,36.941880238592326,300.0
23.23,50.0,236.786694318821,36.541640754341245,300.0
23.62,50.0,237.0896745288449,36.15427681801983,300.0
24.01,50.0,237.37960678432532,35.77921846943546,300.0
24.400000000000002,50.0,237.65702418707755,35.41592882245198,300.0
24.79,50.0,237.92242937517318,35.063901694333694,300.0
25.18,50.0,238.17629669176472,34.72265943850679,300.0
25.57,50.0,238.41907417441266,34.39175095377932,300.0
25.96,50.0,238.65118538157992,34.070749859807194,300.0
26.35,50.0,238.873031068431,33.75925281647402,300.0
26.740000000000002,50.0,239.08499073413194,33.45687798080799,300.0
27.130000000000003,50.0,239.28742404092037,33.163263583295915,300.0
27.52,50.0,239.48067212858803,32.878066616619094,300.0
27.91,50.0,239.6650588212293,32.60096162503409,300.0
28.3,50.0,239.84089174552733,32.33163958573448,300.0
28.69,50.0,240.00846336634436,32.06980687407214,300.0
29.080000000000002,50.0,240.16805193985977,31.815184307148282,300.0
29.470000000000002,50.0,240.31992240107022,31.567506256113433,300.0
29.86,50.0,240.46432718437381,31.326519823662604,300.0
30.25,50.0,240.60150698519087,31.0919840809456,300.0
30.64,50.0,240.73169146688517,30.86366935870073,300.0
31.03,50.0,240.85509991868162,30.641356587363905,300.0
31.42,50.0,240.9719418662902,30.424836684521377,300.0
31.810000000000002,50.0,241.08241763966942,30.213909983910902,300.0
32.2,50.0,241.18671890518297,30.008385701917295,300.0
32.59,50.0,241.28502915659533,29.808081442782413,300.0
32.980000000000004,50.0,241.37752417624273,29.612822734918193,300.0
33.370000000000005,50.0,241.46437246602915,29.422442597325443,299.99999999999994
33.76,50.0,241.5457356462556,29.23678113644319,300.0
34.15,50.0,241.6217688313732,29.05568516756444,300.0
34.54,50.0,241.69262098105028,28.87900786028193,300.0
34.93,50.0,241.75843522722104,28.706608407348888,300.0
35.32,50.0,241.81934918072878,28.538351714100667,300.0
35.71,50.0,241.87549521983323,28.374108106160392,300.0
36.1,50.0,241.92700075828722,28.213753056906615,300.0
36.49,50.0,241.973988499063,28.057166929774713,300.0
36.88,50.0,242.01657666972628,27.904234737399648,300.0
37.27,50.0,242.05487924702803,27.754845914203614,300.0
37.660000000000004,50.0,242.08900616330385,27.60889410341327,300.0
38.050000000000004,50.0,242.119063504851,27.466276955301137,300.0
38.44,50.0,242.14515369513697,27.32689593825928,300.0
38.83,50.0,242.1673756685275,27.19065616062632,300.0
39.22,50.0,242.18582503427766,27.057466201688438,300.0
39.61,50.0,242.20059422951942,26.927237952927094,300.0
40.0,50.0,242.21177266454518,26.79988646886205,300.0
,,,,
1.0,60.0,107.85421800494143,168.0935621645631,300.0
1.3900000000000001,60.0,115.07075530144014,160.74919085816674,300.0
1.78,60.0,122.18816568292816,153.5050283744721,300.0
2.17,60.0,129.10520072665744,146.462353262504,300.0
2.56,60.0,135.74093295604575,139.7020094432211,300.0
2.95,60.0,142.0380149817996,133.28117560317432,300.0
3.34,60.0,147.96197935164273,127.23409676876906,300.0
3.73,60.0,153.49794938659417,121.57540125151402,300.0
4.12,60.0,158.64623707817708,116.30452377206335,300.0
4.51,60.0,163.41793095848416,111.41013149660316,300.0
4.9,60.0,167.83108801688294,106.87394007172148,300.0
5.29,60.0,171.90775167866784,102.67369927505518,300.0
5.68,60.0,175.67177979958058,98.78536584011685,300.0
6.07,60.0,179.14735669996725,95.18459059806557,300.0
6.46,60.0,182.35803391167224,91.8476760668577,300.0
6.8500000000000005,60.0,185.3261556045455,88.75214902923821,300.0
7.24,60.0,188.07255122612932,85.87706586306953,300.0
7.63,60.0,190.6164064214333,83.20313971534607,300.0
8.02,60.0,192.97524812803923,80.7127536970842,300.0
8.41,60.0,195.16499926581412,78.38990470241018,300.0
8.8,60.0,197.2000729088276,76.22010795974064,300.0
9.19,60.0,199.0934861392118,74.19028209748876,300.0
9.58,60.0,200.85698093160858,72.28862735252632,300.0
9.97,60.0,202.50114426624776,70.50450469929565,300.0
10.36,60.0,204.0355228968747,68.82832045061512,300.0
10.75,60.0,205.46873030888156,67.2514187744159,300.0
11.14,60.0,206.8085447523767,65.76598322387129,300.0
11.530000000000001,60.0,208.0619980754939,64.36494754041516,300.0
11.92,60.0,209.23545558727437,63.041915487482036,300.0
12.31,60.0,210.33468746395386,61.791089190354654,300.0
12.700000000000001,60.0,211.36493235607114,60.60720531573111,300.0
13.09,60.0,212.33095390882627,59.48547837110944,300.0
13.48,60.0,213.23709090898322,58.42155040448693,300.0
13.870000000000001,60.0,214.08730174103928,57.41144641650264,300.0
14.26,60.0,214.885203787835,56.45153484557881,300.0
14.65,60.0,215.63410835545605,55.538492542665296,300.0
15.040000000000001,60.0,216.33705313407413,54.66927226163934,300.0
15.43,60.0,216.9968235420827,53.84108107133168,300.0
15.82,60.0,217.6159866510553,53.05134660125545,300.0
16.21,60.0,218.1969063300639,52.297701663741194,300.0
16.6,60.0,218.74176426956836,51.57796320764783,300.0
16.990000000000002,60.0,219.2525771955142,50.89011503621244,300.0
17.38,60.0,219.73121223447546,50.23229238380716,300.0
17.77,60.0,220.1794006422703,49.60276812551111,300.0
18.16,60.0,220.59875008458346,48.9999404350629,300.0
18.55,60.0,220.99075563445203,48.42232172618509,300.0
18.94,60.0,221.35680964757765,47.868528718884285,300.0
19.330000000000002,60.0,221.6982106204326,47.33727351667722,300.0
19.72,60.0,222.01617116499162,46.827355571013925,300.0
20.11,60.0,222.3118251911375,46.337654435312345,300.0
20.5,60.0,222.58623438126546,45.867123227542805,300.0
20.89,60.0,222.84039403875937,45.4147827164652,300.0
21.28,60.0,223.0752383732742,44.979715971180056,300.0
21.67,60.0,223.29164529205957,44.56106350607392,300.0
22.060000000000002,60.0,223.49044073614394,44.158018876763926,300.0
22.45,60.0,223.67240262152325,43.76982467520251,300.0
22.84,60.0,223.8382644193948,43.395768882452664,300.0
23.23,60.0,223.98871841199187,43.03518154803351,300.0
23.62,60.0,224.12441866576722,42.687431753279384,300.0
24.01,60.0,224.24598373561366,42.35192484010824,300.0
24.400000000000002,60.0,224.35399913883955,42.02809987454419,300.0
24.79,60.0,224.44901962205418,41.715427320515566,300.0
25.18,60.0,224.53157122984487,41.413406906863145,300.0
25.57,60.0,224.60215320195826,41.121565669249,300.0
25.96,60.0,224.66123972506594,40.8394561452632,300.0
26.35,60.0,224.70928153139073,40.566654715611385,300.0
26.740000000000002,60.0,224.74670737272086,40.30276007441288,300.0
27.130000000000003,60.0,224.7739253827523,40.04739181652459,300.0
27.52,60.0,224.79132433441848,39.80018912941636,300.0
27.91,60.0,224.79927479225893,39.56080958879505,300.0
28.3,60.0,224.79813018943452,39.32892803749911,300.0
28.69,60.0,224.78822782094605,39.10423554731456,300.0
29.080000000000002,60.0,224.76988976273088,38.88643845708432,300.0
29.470000000000002,60.0,224.74342372623153,38.67525747763651,300.0
29.86,60.0,224.7091238529536,38.470426858458175,300.0
30.25,60.0,224.66727145648437,38.27169361218267,300.0
30.64,60.0,224.61813570875626,38.07881679242298,300.0
31.03,60.0,224.5619742837701,37.89156681938729,299.99999999999994
31.42,60.0,224.49903395747924,37.70972485001784,300.0
31.810000000000002,60.0,224.42955116915192,37.53308219007746,300.0
32.2,60.0,224.35375254903914,37.361439741405434,300.0
32.59,60.0,224.2718554074972,37.194607488764,300.0
32.980000000000004,60.0,224.18406819593116,37.03240401645424,300.0
33.370000000000005,60.0,224.0905909466899,36.8746560527736,300.0
33.76,60.0,223.99161566952043,36.72119804888142,300.0
34.15,60.0,223.88732674775176,36.57187177482694,300.0
34.54,60.0,223.7779012929851,36.42652594570343,300.0
34.93,60.0,223.6635094808561,36.28501587152495,300.0
35.32,60.0,223.544314880254,36.147203120381825,300.0
35.71,60.0,223.42047475254282,36.01295520733722,300.0
36.1,60.0,223.2921403413772,35.882145298003856,300.0
36.49,60.0,223.15945713442193,35.754651934333125,300.0
36.88,60.0,223.0225651344279,35.63035876511081,300.0
37.27,60.0,222.8815990868275,35.509154305477246,300.0
37.660000000000004,60.0,222.7366887204171,35.39093169745495,300.0
38.050000000000004,60.0,222.5879589620301,35.27558849067797,300.0
38.44,60.0,222.43553014482853,35.16302643268353,300.0
38.83,60.0,222.2795182024768,35.053151271488495,300.0
39.22,60.0,222.1200348560211,34.94587256870165,300.0
39.61,60.0,221.95718779864808,34.841103518924854,300.0
40.0,60.0,221.79108085585642,34.738760785669704,300.0
,,,,
1.0,70.0,105.21600459180797,168.47589624398105,300.0
1.3900000000000001,70.0,111.51171625270221,161.91654121644623,300.0
1.78,70.0,117.6741775138972,155.4875563462653,300.0
2.17,70.0,123.63275086713557,149.25978642733676,300.0
2.56,70.0,129.33201078584906,143.2886953703279,300.0
2.95,70.0,134.73294048756492,137.61319861253514,300.0
3.34,70.0,139.8120395651088,132.25659261572457,300.0
3.73,70.0,144.55910278934496,127.2288130296368,300.0
4.12,70.0,148.9744268504407,122.52925974187444,300.0
4.51,70.0,153.06601197742432,118.14961984603731,300.0
4.9,70.0,156.84709133020797,114.0763556658959,300.0
5.29,70.0,160.3341272689553,110.29271982347674,300.0
5.68,70.0,163.54528682458547,106.78028645042073,300.0
6.07,70.0,166.4993419842454,103.52005427201239,300.0
6.46,70.0,169.21491530747022,100.49320214140529,300.0
6.8500000000000005,70.0,171.70999021894184,97.68157849140123,300.0
7.24,70.0,174.00161540725966,95.0679958423372,300.0
7.63,70.0,176.10574647454683,92.63638759858169,300.0
8.02,70.0,178.0371814040206,90.37187080631486,300.0
8.41,70.0,179.80955789272736,88.26074697099057,300.0
8.8,70.0,181.43538971494058,86.29046385282116,300.0
9.19,70.0,182.92612619355364,84.4495542077744,300.0
9.58,70.0,184.29222393044003,82.72756234436,300.0
9.97,70.0,185.54322358354474,81.11496571612199,300.0
10.36,70.0,186.68782703641628,79.60309620461639,300.0
10.75,70.0,187.73397207539568,78.18406397476464,300.0
11.14,70.0,188.68890289434088,76.85068557869616,300.0
11.530000000000001,70.0,189.55923555266017,75.59641717834964,300.0
11.92,70.0,190.35101804044692,74.41529322970958,300.0
12.31,70.0,191.06978494088997,73.30187063595756,300.0
12.700000000000001,70.0,191.72060688599942,72.25117817171031,300.0
13.09,70.0,192.30813511965414,71.25867086316265,300.0
13.48,70.0,192.8366415416556,70.32018894968424,300.0
13.870000000000001,70.0,193.31005462836018,69.431921030781,300.0
14.26,70.0,193.73199162338074,68.59037100447019,300.0
14.65,70.0,194.10578737532504,67.7923284195716,300.0
15.040000000000001,70.0,194.43452017483958,67.03484188893292,300.0
15.43,70.0,194.7210349146138,66.31519523899316,300.0
15.82,70.0,194.96796386602009,65.63088610076525,300.0
16.21,70.0,195.1777453365477,64.97960667653739,300.0
16.6,70.0,195.35264044410647,64.35922644439117,300.0
16.990000000000002,70.0,195.49474821816975,63.76777658847153,300.0
17.38,70.0,195.6060192138133,63.20343596659773,300.0
17.77,70.0,195.68826780323226,62.66451844811541,300.0
18.16,70.0,195.74318328996682,62.149461474058235,300.0
18.55,70.0,195.77233997398318,61.65681570869155,300.0
18.94,70.0,195.77720628055258,61.185235666631016,300.0
19.330000000000002,70.0,195.75915305253346,60.733471213056596,300.0
19.72,70.0,195.7194610939185,60.30035984630093,300.0
20.11,70.0,195.65932804219946,59.88481968244223,300.0
20.5,70.0,195.57987463809073,59.48584307062713,300.0
20.89,70.0,195.48215045325355,59.102490775844316,300.0
21.28,70.0,195.36713912972755,58.73388667291507,300.0
21.67,70.0,195.23576317876746,58.37921290162479,300.0
22.060000000000002,70.0,195.0888883814213,58.03770543839283,300.0
22.45,70.0,194.92732782860992,57.708650044637245,300.0
22.84,70.0,194.75184563430187,57.39137855625888,300.0
23.23,70.0,194.56316035189528,57.08526548235441,300.0
23.62,70.0,194.36194812066427,56.78972488461591,300.0
24.01,70.0,194.14884553972175,56.504207659162006,300.0
24.400000000000002,70.0,193.92445246117882,56.2281983039463,300.0
24.79,70.0,193.68933426357495,55.96121341285358,300.0
25.18,70.0,193.44402430558574,55.702798814389965,300.0
25.57,70.0,193.18902595210605,55.45252769488028,300.0
25.96,70.0,192.9248145760192,55.20999868768904,300.0
26.35,70.0,192.65183935705912,54.97483412996592,300.0
26.740000000000002,70.0,192.37052493676768,54.746678462200826,300.0
27.130000000000003,70.0,192.08127303073346,54.525196714685706,300.0
27.52,70.0,191.7844638165263,54.310073156113006,300.0
27.91,70.0,191.48045733893662,54.10100999270993,300.0
28.3,70.0,191.16959470641598,53.89772621162578,300.0
28.69,70.0,190.85219929066676,53.699956473145036,300.0
29.080000000000002,70.0,190.52857779837439,53.5074501013182,300.0
29.470000000000002,70.0,190.19902128082913,53.319970144959946,300.0
29.86,70.0,189.86380606531733,53.13729250789554,300.0
30.25,70.0,189.52319464044203,52.95920513648976,300.0
30.64,70.0,189.17743647800535,52.78550726505015,300.0
31.03,70.0,188.82676878650753,52.61600872017973,300.0
31.42,70.0,188.47141722116416,52.450529271012755,300.0
31.810000000000002,70.0,188.1115965575627,52.28889802089774,300.0
32.2,70.0,187.74751132758664,52.13095283757173,300.0
32.59,70.0,187.3793563605137,51.97653984399092,300.0
32.980000000000004,70.0,187.00731737249166,51.82551291090929,300.0
33.370000000000005,70.0,186.63157145133022,51.67773320947477,300.0
33.76,70.0,186.25228753322477,51.53306878527231,300.0
34.15,70.0,185.86962687638055,51.39139415010033,300.0
34.54,70.0,185.48374344696018,51.2525899224637,300.0
34.93,70.0,185.0947843346465,51.116542471574704,300.0
35.32,70.0,184.7028901176489,50.98314359367302,300.0
35.71,70.0,184.30819520500052,50.852290209260346,300.0
36.1,70.0,183.9108281744472,50.72388407382982,300.0
36.49,70.0,183.5109120550131,50.59783151899112,300.0
36.88,70.0,183.10856464876088,50.47404319064612,300.0
37.27,70.0,182.7038987754137,50.352433823384445,300.0
37.660000000000004,70.0,182.2970225262363,50.232922020624144,300.0
38.050000000000004,70.0,181.88803953485103,50.1154300375711,300.0
38.44,70.0,181.47704916928296,49.99988359880048,300.0
38.83,70.0,181.06414675789668,49.88621171145046,300.0
39.22,70.0,180.6494237935134,49.7743464931361,300.0
39.61,70.0,180.23296811507217,49.66422301307164,300.0
40.0,70.0,179.81486409782033,49.55577913695976,300.0
,,,,
1.0,80.0,100.28095968927768,168.3122015976824,300.0
1.3900000000000001,80.0,104.8886188922962,163.01136135219124,300.0
1.78,80.0,109.25585965736799,157.92806621488495,300.0
2.17,80.0,113.35326346833524,153.09277906086328,300.0
2.56,80.0,117.1628084939837,148.52444497036458,300.0
2.95,80.0,120.67649929852726,144.23188383644396,300.0
3.34,80.0,123.8945514159087,140.21563618105546,300.0
3.73,80.0,126.82348045080944,136.46990449279144,300.0
4.12,80.0,129.47432691121173,132.98435402567512,300.0
4.51,80.0,131.86113799534073,129.74564972145902,300.0
4.9,80.0,133.9997461273573,126.73868925163538,300.0
5.29,80.0,135.90683357656715,123.94754372234888,300.0
5.68,80.0,137.59924688711519,121.35614366116084,300.0
6.07,80.0,139.09351590895363,118.94875691290277,300.0
6.46,80.0,140.4055329058356,116.71030424497617,300.0
6.8500000000000005,80.0,141.55035254288828,114.6265529017783,300.0
7.24,80.0,142.54208046659318,112.68422118616145,300.0
7.63,80.0,143.39382503031297,110.87102007473736,300.0
8.02,80.0,144.11769273302227,109.17565166544391,300.0
8.41,80.0,144.7248128874841,107.58777915483745,300.0
8.8,80.0,145.22538093623132,106.09797902637777,300.0
9.19,80.0,145.62871282333802,104.69768306030726,300.0
9.58,80.0,145.9433050734452,103.3791154780703,300.0
9.97,80.0,146.17689688624216,102.13522884400012,300.0
10.36,80.0,146.336531761777,100.95964112148562,300.0
10.75,80.0,146.428617041918,99.8465754037345,300.0
11.14,80.0,146.4589803728828,98.7908032200186,300.0
11.530000000000001,80.0,146.43292252875625,97.78759188806842,300.0
11.92,80.0,146.35526633804724,96.83265608928605,300.0
12.31,80.0,146.230401659733,95.9221136480977,300.0
12.700000000000001,80.0,146.06232649066024,95.05244537101142,300.0
13.09,80.0,145.8546843722124,94.22045872445452,300.0
13.48,80.0,145.6107983148451,93.42325508834176,300.0
13.870000000000001,80.0,145.333701486086,92.65820030346713,300.0
14.26,80.0,145.02616491744834,91.92289822784285,300.0
14.65,80.0,144.690722484695,91.21516702425299,300.0
15.040000000000001,80.0,144.32969340743327,90.53301791487013,300.0
15.43,80.0,143.94520250118123,89.87463615596371,300.0
15.82,80.0,143.53919839963928,89.23836400472184,300.0
16.21,80.0,143.11346994842114,88.62268546968862,300.0
16.6,80.0,142.6696609543725,88.0262126556454,300.0
16.990000000000002,80.0,142.20928345851297,87.44767353201948,300.0
17.38,80.0,141.73372968444954,86.8859009713382,300.0
17.77,80.0,141.24428279950536,86.33982292015305,300.0
18.16,80.0,140.74212661204567,85.80845357951935,300.0
18.55,80.0,140.22835431572048,85.29088548545656,300.0
18.94,80.0,139.7039763799172,84.78628239179483,300.0
19.330000000000002,80.0,139.16992767530093,84.29387286859233,300.0
19.72,80.0,138.6270739137708,83.812944538995,300.0
20.11,80.0,138.0762174737669,83.34283888600132,300.0
20.5,80.0,137.51810267431074,82.88294656823855,300.0
20.89,80.0,136.9534205542275,82.43270319071378,300.0
21.28,80.0,136.38281320704832,81.99158548250463,300.0
21.67,80.0,135.80687771662681,81.55910783872736,300.0
22.060000000000002,80.0,135.22616973365737,81.13481918887096,300.0
22.45,80.0,134.6412067290352,80.71830015777066,300.0
22.84,80.0,134.05247095613106,80.30916048922938,300.0
23.23,80.0,133.46041215067885,79.90703670557619,300.0
23.62,80.0,132.8654499697202,79.51159022247748,300.0
24.01,80.0,132.26797634100168,79.1225044202303,300.0
24.400000000000002,80.0,131.66835736678914,78.73948439422264,300.0
24.79,80.0,131.0669353003423,78.36225431676372,300.0
25.18,80.0,130.46403025923672,77.9905562250949,300.0
25.57,80.0,129.85994179582244,77.624148678573,300.0
25.96,80.0,129.25495034871005,77.26280553211741,300.0
26.35,80.0,128.6493185594555,76.9063148113274,300.0
26.740000000000002,80.0,128.0432925339762,76.55447767383187,300.0
27.130000000000003,80.0,127.43710292033589,76.20710747235546,300.0
27.52,80.0,126.8309659835323,75.86402887788715,300.0
27.91,80.0,126.22508455985916,75.52507708128448,300.0
28.3,80.0,125.6196489160946,75.19009706257101,300.0
28.69,80.0,125.01483758181539,74.85894291161958,300.0
29.080000000000002,80.0,124.4108181053016,74.53147720207623,300.0
29.470000000000002,80.0,123.80774773969894,74.20757041966809,300.0
29.86,80.0,123.20577410528286,73.88710042706764,300.0
30.25,80.0,122.60503577240712,73.56995197624103,300.0
30.64,80.0,122.0056628201217,73.25601625298083,300.0
31.03,80.0,121.4077773663892,72.94519045612894,300.0
31.42,80.0,120.81149402370868,72.63737741073439,300.0
31.810000000000002,80.0,120.21692036924559,72.33248520405687,300.0
32.2,80.0,119.62415733910716,72.03042685376477,300.0
32.59,80.0,119.0332996268307,71.73111999576341,300.0
32.980000000000004,80.0,118.44443603748228,71.43448659732312,300.0
33.370000000000005,80.0,117.85764983854729,71.14045268456073,300.0
33.76,80.0,117.27301904480125,70.84894809926777,300.0
34.15,80.0,116.69061674659324,70.55990626015539,300.0
34.54,80.0,116.11051135136185,70.27326395107463,300.0
34.93,80.0,115.5327668673415,69.98896111657162,300.0
35.32,80.0,114.95744312649066,69.7069406743316,300.0
35.71,80.0,114.38459602142991,69.42714833915979,300.0
36.1,80.0,113.8142777036426,69.14953246008527,300.0
36.49,80.0,113.24653679534804,68.87404386496503,300.0
36.88,80.0,112.68141856749395,68.60063571892981,300.0
37.27,80.0,112.11896512108372,68.32926338831993,300.0
37.660000000000004,80.0,111.55921554733452,68.05988431620275,300.0
38.050000000000004,80.0,111.002206078899,67.79245790537132,300.0
38.44,80.0,110.44797024864509,67.52694540568426,300.0
38.83,80.0,109.89653901532166,67.26330981239312,300.0
39.22,80.0,109.3479408986767,67.00151576898283,300.0
39.61,80.0,108.80220209842673,66.74152947553857,300.0
40.0,80.0,108.25934661895943,66.4833186029884,300.0
,,,,
1.0,90.0,87.0539977343193,161.08294549677794,300.0
1.3900000000000001,90.0,88.17413591565203,157.22779673259635,300.0
1.78,90.0,89.00233889038228,153.6375271526147,300.0
2.17,90.0,89.58077435971774,150.28859790024316,300.0
2.56,90.0,89.94829974244391,147.15738694150784,300.0
2.95,90.0,90.13935954163223,144.2215837880537,300.0
3.34,90.0,90.18372034841978,141.46086043502547,300.0
3.73,90.0,90.1066815956372,138.85709212995883,300.0
4.12,90.0,89.92951720506579,136.39432319792692,300.0
4.51,90.0,89.66999855899122,134.0586042747224,300.0
4.9,90.0,89.34291571016686,131.8377768335286,300.0
5.29,90.0,88.96055584028166,129.72124747624844,300.0
5.68,90.0,88.53312269464767,127.69977380363504,300.0
6.07,90.0,88.06909420122064,125.7652715912103,300.0
6.46,90.0,87.5755221730336,123.91064629659228,300.0
6.8500000000000005,90.0,87.0582808065103,122.1296484477575,300.0
7.24,90.0,86.52227141478058,120.41675084097356,300.0
7.63,90.0,85.97159051995156,118.76704487730287,300.0
8.02,90.0,85.40966766161995,117.17615330166676,300.0
8.41,90.0,84.83937837253504,115.64015679952678,300.0
8.8,90.0,84.26313688375996,114.15553220133569,300.0
9.19,90.0,83.68297232173228,112.71910036406014,300.0
9.58,90.0,83.10059146981857,111.32798210207248,300.0
9.97,90.0,82.51743059063513,109.9795608107297,300.0
10.36,90.0,81.93469833017865,108.6714506590598,300.0
10.75,90.0,81.35341133806428,107.40146942449259,300.0
11.14,90.0,80.77442392544953,106.16761520599265,300.0
11.530000000000001,90.0,80.19845282995583,104.96804638654373,300.0
11.92,90.0,79.62609795435414,103.80106432645152,300.0
12.31,90.0,79.05785978277834,102.66509835924073,300.0
12.700000000000001,90.0,78.49415404726467,101.55869273575951,300.0
13.09,90.0,77.93532411203019,100.48049522244929,300.0
13.48,90.0,77.38165145787441,99.42924710909064,300.0
13.870000000000001,90.0,76.83336458044538,98.40377442178915,300.0
14.26,90.0,76.29064656052957,97.40298017018631,300.0
14.65,90.0,75.75364141048489,96.42583755536742,300.0
15.040000000000001,90.0,75.22246004194818,95.4713835837881,300.0
15.43,90.0,74.69718429060967,94.5387141033629,300.0
15.82,90.0,74.1778714456447,93.62697863120209,300.0
16.21,90.0,73.66455762717604,92.73537610552313,300.0
16.6,90.0,73.1572607744439,91.86315098545708,300.0
16.990000000000002,90.0,72.65598321398245,91.0095897356706,300.0
17.38,90.0,72.16071395506209,90.17401768237784,300.0
17.77,90.0,71.67143055737327,89.35579612592937,300.0
18.16,90.0,71.18810084457007,88.55431975952284,300.0
18.55,90.0,70.71068435083845,87.76901430750412,300.0
18.94,90.0,70.23913356521928,86.99933437252712,300.0
19.330000000000002,90.0,69.77339505665488,86.24476148842749,300.0
19.72,90.0,69.31341039533329,85.5048023170073,300.0
20.11,90.0,68.85911700780478,84.77898701916388,300.0
20.5,90.0,68.41044887749214,84.06686774322759,300.0
20.89,90.0,67.96733718383585,83.36801724717041,300.0
21.28,90.0,67.5297108484819,82.68202762601305,300.0
21.67,90.0,67.09749700549858,82.00850913794943,300.0
22.060000000000002,90.0,66.6706214186912,81.3470891216252,300.0
22.45,90.0,66.24900884985887,80.69741099973614,300.0
22.84,90.0,65.83258335799579,80.05913334519448,300.0
23.23,90.0,65.42126858341673,79.43192902751348,300.0
23.62,90.0,65.01498797998003,78.81548441259824,300.0
24.01,90.0,64.6136650189284,78.209498621532,300.0
24.400000000000002,90.0,64.21722336958145,77.61368284143435,300.0
24.79,90.0,63.82558704481647,77.0277596794877,300.0
25.18,90.0,63.43868054599992,76.45146256895748,300.0
25.57,90.0,63.0564289626579,75.88453520329847,300.0
25.96,90.0,62.678758075656894,75.32673101542466,300.0
26.35,90.0,62.30559443645627,74.7778126868927,300.0
26.740000000000002,90.0,61.936865439811776,74.2375516899534,300.0
27.130000000000003,90.0,61.57249937649514,73.7057278553771,300.0
27.52,90.0,61.212425486304255,73.18212897063889,300.0
27.91,90.0,60.856573995361195,72.66655039943547,300.0
28.3,90.0,60.50487614734134,72.1587947247754,300.0
28.69,90.0,60.15726422856113,71.6586714135531,300.0
29.080000000000002,90.0,59.8136715898271,71.16599650138303,300.0
29.470000000000002,90.0,59.474032659046046,70.68059229422964,300.0
29.86,90.0,59.138282949871005,70.20228708680847,300.0
30.25,90.0,58.80635906898044,69.73091489811667,300.0
30.64,90.0,58.47819871566235,69.26631522021448,300.0
31.03,90.0,58.153740686892,68.80833278304277,300.0
31.42,90.0,57.832924867051254,68.35681732863503,300.0
31.810000000000002,90.0,57.515692226877064,67.91162339955196,300.0
32.2,90.0,57.20198481425297,67.47261013883644,300.0
32.59,90.0,56.89174574452103,67.03964109880027,300.0
32.980000000000004,90.0,56.58491919163835,66.61258406085751,300.0
33.370000000000005,90.0,56.28145037386471,66.19131086428119,300.0
33.76,90.0,55.98128554405604,65.77569724387767,300.0
34.15,90.0,55.68437197045415,65.36562267382656,300.0
34.54,90.0,55.390657928424254,64.96097022349734,300.0
34.93,90.0,55.10009268068439,64.56162641520626,300.0
35.32,90.0,54.8126264619967,64.16748109205233,300.0
35.71,90.0,54.52821046632525,63.77842729251102,300.0
36.1,90.0,54.24679682628841,63.394361127826656,300.0
36.49,90.0,53.96833860044554,63.01518166890426,300.0
36.88,90.0,53.692789753026254,62.64079083528059,300.0
37.27,90.0,53.42010513915325,62.27109329129071,300.0
37.660000000000004,90.0,53.15024048727423,61.905996345930646,300.0
38.050000000000004,90.0,52.88315238441574,61.545409858709675,300.0
38.44,90.0,52.618798254958335,61.189246146415464,300.0
38.83,90.0,52.357136348309105,60.8374198978306,300.0
39.22,90.0,52.098125719209186,60.489848090018164,300.0
39.61,90.0,51.841726214354196,60.14644990902885,300.0
40.0,90.0,51.58789845319634,59.80714667309278,300.0
,,,,
1.0,100.0,48.63976110910278,101.58417135861933,300.0
1.3900000000000001,100.0,48.20970582718917,99.81693601584952,300.0
1.78,100.0,47.794040993678934,98.14556349095116,300.0
2.17,100.0,47.391642938921805,96.56013623231038,300.0
2.56,100.0,47.001530587464444,95.05225674338229,300.0
2.95,100.0,46.622841016449776,93.61474475769086,300.0
3.34,100.0,46.254810176458854,92.24140732401143,300.0
3.73,100.0,45.89675749948735,90.92686151081901,300.0
4.12,100.0,45.54807347513489,89.66639577644366,300.0
4.51,100.0,45.20820952235888,88.45586021309839,300.0
4.9,100.0,44.876669749755095,87.29157804398466,300.0
5.29,100.0,44.55300366045155,86.17027709982128,300.0
5.68,100.0,44.23680097284502,85.08902782520839,300.0
6.07,100.0,43.92768634040534,84.04519821519128,300.0
6.46,100.0,43.625315337918735,83.03641342897915,300.0
6.8500000000000005,100.0,43.32937095265702,82.06052265522736,300.0
7.24,100.0,43.03956056641081,81.11557119541723,300.0
7.63,100.0,42.75561337091016,80.1997768581119,300.0
8.02,100.0,42.477278104919385,79.3115098131616,300.0
8.41,100.0,42.20432110840233,78.44927538019459,300.0
8.8,100.0,41.93652461672961,77.61169920723728,300.0
9.19,100.0,41.67368524718288,76.79751443430149,300.0
9.58,100.0,41.41561269563238,76.00555058467597,300.0
9.97,100.0,41.16212855685438,75.23472383843142,300.0
10.36,100.0,40.913065295407165,74.48402854707359,300.0
10.75,100.0,40.668265323639275,73.7525297624676,300.0
11.14,100.0,40.42758017857171,73.03935665122066,300.0
11.530000000000001,100.0,40.190869786164264,72.3436966704051,300.0
11.92,100.0,39.958001806335,71.66479040496776,300.0
12.31,100.0,39.72885102626397,71.00192694968251,300.0
12.700000000000001,100.0,39.503298838346204,70.35443982159025,300.0
13.09,100.0,39.28123274448154,69.7217032685027,300.0
13.48,100.0,39.06254592502825,69.10312898177648,300.0
13.870000000000001,100.0,38.847136832809056,68.49816312026445,300.0
14.26,100.0,38.63490883169903,67.90628363689558,300.0
14.65,100.0,38.4257698682997,67.32699786571897,300.0
15.040000000000001,100.0,38.21963216329129,66.75984032462999,300.0
15.43,100.0,38.01641194071891,66.20437073680678,300.0
15.82,100.0,37.816029166383174,65.66017221549575,300.0
16.21,100.0,37.61840732069594,65.1268496261445,300.0
16.6,100.0,37.42347317915417,64.60402807911301,300.0
16.990000000000002,100.0,37.23115661567645,64.09135155777899,300.0
17.38,100.0,37.04139041974099,63.588481662918696,300.0
17.77,100.0,36.8541101282312,63.095096458583626,300.0
18.16,100.0,36.669253865183705,62.61088941000676,300.0
18.55,100.0,36.486762201298234,62.13556841373743,300.0
18.94,100.0,36.30657801572678,61.66885489510679,300.0
19.330000000000002,100.0,36.12864637292448,61.21048298251505,300.0
19.72,100.0,35.952914404659396,60.760198739708265,300.0
20.11,100.0,35.77933120251772,60.31775945952131,300.0
20.5,100.0,35.60784771598572,59.88293300668827,300.0
20.89,100.0,35.438416657951926,59.45549720984526,300.0
21.28,100.0,35.27099241662982,59.03523929660781,300.0
21.67,100.0,35.10553097354408,58.62195536922442,300.0
22.060000000000002,100.0,34.941989823935025,58.21544991466986,300.0
22.45,100.0,34.78032790610467,57.815535350636196,300.0
22.84,100.0,34.62050553297548,57.42203160105982,300.0
23.23,100.0,34.46248432708611,57.034765698738454,300.0
23.62,100.0,34.30622716161603,56.653571416748704,300.0
24.01,100.0,34.15169810231847,56.27828892134616,300.0
24.400000000000002,100.0,33.99886235584955,55.9087644473898,300.0
24.79,100.0,33.84768621821745,55.54484999578707,300.0
25.18,100.0,33.698137027817594,55.18640304741841,300.0
25.57,100.0,33.550183120952944,54.83328629734988,300.0
25.96,100.0,33.40379378798344,54.48536740132242,300.0
26.35,100.0,33.258939235873946,54.14251874250239,300.0
26.740000000000002,100.0,33.11559054823637,53.8046172068214,300.0
27.130000000000003,100.0,32.973719650349906,53.47154397566819,300.0
27.52,100.0,32.833299275338746,53.1431843279374,300.0
27.91,100.0,32.6943029305244,52.819427452926924,300.0
28.3,100.0,32.556704869535665,52.50016627804003,300.0
28.69,100.0,32.42048006088618,52.185297300261375,300.0
29.080000000000002,100.0,32.285604161425425,51.87472043112131,300.0
29.470000000000002,100.0,32.15205349041451,51.56833884834806,300.0
29.86,100.0,32.01980500348064,51.26605885516481,300.0
30.25,100.0,31.888836270542463,50.96778974939594,300.0
30.64,100.0,31.75912545192336,50.67344369627888,300.0
31.03,100.0,31.630651277140895,50.38293560977435,300.0
31.42,100.0,31.50339302474736,50.09618304028418,300.0
31.810000000000002,100.0,31.3773305025002,49.81310606665245,300.0
32.2,100.0,31.252444028769915,49.53362719524104,300.0
32.59,100.0,31.12871441486001,49.257671262597896,300.0
32.980000000000004,100.0,31.006122947730432,48.985165344060604,300.0
33.370000000000005,100.0,30.88465137383745,48.71603866558922,300.0
33.76,100.0,30.764281883666882,48.45022252148065,300.0
34.15,100.0,30.644997096856166,48.187650194906425,300.0
34.54,100.0,30.526780047796038,47.92825688233511,300.0
34.93,100.0,30.409614171970738,47.671979621219144,300.0
35.32,100.0,30.293483293556136,47.418757223005784,300.0
35.71,100.0,30.178371612036248,47.168530206087034,300.0
36.1,100.0,30.064263690544795,46.92124073414859,300.0
36.49,100.0,29.95114444446221,46.67683255668207,300.0
36.88,100.0,29.83899913065194,46.43525095226616,300.0
37.27,100.0,29.72781333608038,46.19644267364138,300.0
37.660000000000004,100.0,29.617572968237983,45.96035589605132,300.0
38.050000000000004,100.0,29.508264245530768,45.726940167980906,300.0
38.44,100.0,29.39987368710397,45.496146362562435,300.0
38.83,100.0,29.292388104914863,45.26792663362245,300.0
39.22,100.0,29.185794593947882,45.0422343705332,300.0
39.61,100.0,29.08008052475006,44.819024157538934,300.0
40.0,100.0,28.975233534905236,44.59825173336904,300.0
,,,,
